{
    "definitions": [
        {
            "question": "What is renewable energy?",
            "answer": "🌱 Renewable energy is energy derived from natural sources that are replenished on a human timescale. Unlike fossil fuels such as coal, oil, and gas, which are finite, renewable sources are virtually inexhaustible.\n\nHere are the main types:\n- <b>Solar Energy (🌞):</b> Captured from sunlight using panels.\n- <b>Wind Energy (💨):</b> Generated from the movement of air.\n- <b>Hydropower (💧):</b> Created from the flow of moving water.\n- <b>Biomass (🌱):</b> Derived from organic matter like wood or crops.\n- <b>Geothermal Heat (🌋):</b> Sourced from the Earth's internal heat.\n\nRenewable energy is crucial for combating climate change and ensuring a sustainable future."
        },
        {
            "question": "What is climate change?",
            "answer": "🌍 Climate change refers to significant, long-term shifts in global temperatures and weather patterns. While Earth's climate has always changed naturally, the current warming trend is primarily caused by human activities since the 1800s.\n\nThe main driver is the emission of greenhouse gases, such as carbon dioxide (CO2) and methane, which trap heat in the atmosphere. This leads to:\n- Rising global temperatures.\n- More frequent and intense weather events like hurricanes and droughts.\n- Melting glaciers and rising sea levels, threatening coastal communities."
        },
        {
            "question": "what is solar energy",
            "answer": "☀️ Solar energy is the most abundant renewable energy source, derived from the sun's radiation. It can be harnessed in two primary ways:\n\n1. <b>Photovoltaic (PV) Panels:</b> These directly convert sunlight into electricity using semiconductor materials.\n2. <b>Solar Thermal Systems:</b> These use mirrors to concentrate sunlight, which heats a fluid to create steam that drives a turbine to generate electricity.\n\nIt is a clean, versatile, and increasingly affordable power source."
        },
        {
            "question": "what is wind energy",
            "answer": "💨 Wind energy harnesses the kinetic energy of moving air by using large turbines. As the wind blows, it spins the blades of the turbine, which is connected to a generator that produces electricity.\n\nWind farms, which are clusters of turbines, are often placed in windy locations like coastal areas, open plains, or hilltops. It is a highly effective and clean energy source when wind conditions are right."
        },
        {
            "question": "what is hydro energy",
            "answer": "💧 Hydropower, or hydroelectric power, is one of the oldest and largest sources of renewable energy. It generates electricity by using the gravitational force of falling or flowing water to spin a turbine connected to a generator.\n\nThis is typically done by building a dam to store water in a reservoir. When electricity is needed, water is released from the reservoir, flowing through the turbine to produce power."
        },
        {
            "question": "what is geothermal energy",
            "answer": "🌋 Geothermal energy taps into the heat from the Earth's core. This heat is brought to the surface as steam or hot water, which is then used to drive turbines connected to electricity generators.\n\nIt is a highly reliable and consistent source of power because the Earth's internal heat is always available, regardless of weather conditions on the surface."
        },
        {
            "question": "what is biomass energy",
            "answer": "🌱 Biomass energy is generated from organic materials, such as wood, agricultural crops, and waste from forests, yards, or farms. When these materials are burned, the energy released can be used to produce steam for electricity generation.\n\nBiomass can also be chemically converted into liquid biofuels, like ethanol and biodiesel, which can power vehicles."
        }
    ],
    "greetings": [
        {
            "pattern": "hi",
            "responses": ["Hello! How can I help you today?", "Hi there! I'm ready to help."]
        },
        {
            "pattern": "hello",
            "responses": ["Hello! How can I assist you with renewable energy?", "Hey! What can I help you with?"]
        },
        {
            "pattern": "hey",
            "responses": ["Hey! What can I do for you today?", "Hello! Ask me anything about green energy."]
        }
    ],
    "help": [
        {
            "pattern": "help",
            "responses": ["Of course! You can ask me to define terms, calculate energy usage, provide saving tips, or take a quiz.", "I can help with renewable energy info, energy calculations, and more. What do you need?"]
        },
        {
            "pattern": "what can you do",
            "responses": ["I can provide definitions, calculate your energy usage, offer saving tips, and quiz you on renewable energy.", "My main functions are providing information on renewables, calculating energy use, and giving tips."]
        }
    ],
    "energy_saving_tips": [
        "Use LED bulbs instead of incandescent ones - they use 75% less energy",
        "Set your AC temperature to 24-26°C for optimal comfort and energy savings",
        "Unplug electronic devices when not in use to prevent phantom power consumption",
        "Use ceiling fans instead of AC when possible",
        "Install solar water heaters for hot water needs",
        "Use pressure cookers for cooking to save up to 70% energy",
        "Opt for energy-efficient appliances with 5-star ratings",
        "Use natural light during daytime",
        "Regularly clean AC filters for better efficiency",
        "Use smart power strips to control multiple devices"
    ],
    "government_schemes": {
        "Karnataka": [
            "Karnataka Solar Policy 2021-26",
            "Surya Raitha Scheme for farmers",
            "Solar Rooftop Subsidy Program"
        ],
        "Maharashtra": [
            "Maharashtra Solar Policy",
            "Mukhyamantri Saur Krushi Vahini Yojana",
            "Solar Agricultural Feeder Program"
        ],
        "Tamil Nadu": [
            "Tamil Nadu Solar Energy Policy",
            "Solar Rooftop Program",
            "Green Energy Corridor Project"
        ],
        "Gujarat": [
            "Gujarat Solar Power Policy",
            "Surya Shakti Kisan Yojana",
            "Rooftop Solar Program"
        ]
    },
    "quiz_questions": [
        {
            "question": "Which of these is NOT a renewable energy source?",
            "options": [
                "Solar Power",
                "Natural Gas",
                "Wind Energy",
                "Hydroelectric Power"
            ],
            "correct_answer": "Natural Gas",
            "hint": "Think about which source is a fossil fuel",
            "explanation": "Natural Gas is a fossil fuel, which is a non-renewable energy source. It takes millions of years to form and cannot be replenished in a human timescale. Solar, wind, and hydroelectric power are all renewable sources that can be naturally replenished."
        },
        {
            "question": "What is the main advantage of solar energy?",
            "options": [
                "It works only during the day",
                "It's free and abundant",
                "It requires large land areas",
                "It's expensive to install"
            ],
            "correct_answer": "It's free and abundant",
            "hint": "Consider the primary benefit of using sunlight",
            "explanation": "Solar energy is free and abundant - the sun provides more energy in one hour than the world uses in a year! While there are initial installation costs, the fuel (sunlight) is completely free and will never run out."
        },
        {
            "question": "Which state in India has the largest solar power capacity?",
            "options": [
                "Karnataka",
                "Rajasthan",
                "Gujarat",
                "Tamil Nadu"
            ],
            "correct_answer": "Rajasthan",
            "hint": "Think about which state has the most sunlight",
            "explanation": "Rajasthan has the largest solar power capacity in India, thanks to its vast desert areas and high solar irradiance. The state's Thar Desert provides ideal conditions for solar power generation."
        },
        {
            "question": "What is the main purpose of a smart meter?",
            "options": [
                "To reduce electricity bills",
                "To monitor real-time energy usage",
                "To store solar energy",
                "To connect to the internet"
            ],
            "correct_answer": "To monitor real-time energy usage",
            "hint": "Consider what 'smart' monitoring can do",
            "explanation": "Smart meters provide real-time monitoring of energy usage, helping consumers understand their consumption patterns and make informed decisions about energy use. This can lead to more efficient energy consumption and potential cost savings."
        },
        {
            "question": "Which of these is a benefit of wind energy?",
            "options": [
                "It's noisy",
                "It's weather dependent",
                "It creates zero emissions",
                "It's expensive to maintain"
            ],
            "correct_answer": "It creates zero emissions",
            "hint": "Think about environmental impact",
            "explanation": "Wind energy creates zero emissions during operation, making it one of the cleanest energy sources. While there are some environmental considerations like bird migration patterns, the energy generation itself produces no greenhouse gases."
        }
    ],
    "appliance_power_watt": {
        "ac": 1500,
        "fan": 75,
        "led bulb": 9,
        "tv": 150,
        "fridge": 150,
        "washing machine": 500,
        "geyser": 2000
    }
} 